﻿<?xml version="1.0" encoding="utf-8"?>

<dbTestFixture
      xmlns:xsi="http://www.w3.org/2001/XMLSchema-instance"
      xsi:noNamespaceSchemaLocation="file:/C:/TestFileSchema2.xsd">
  <usage>
    <![CDATA[ 
    Function introduction:
       1. Performance test for stored procedure and sql.
       2. Unit test for stored procedure and sql. 
  
    Remark:
      1. Argument size:
         For argument is variable-length data type, such as char or varchar, if its direction is Output or Return or AnonymousOutput, size attribute is mandatory. 
         if their direction is InputOutput, size attribute is also recommended to assign.
      2. exportRecordCount must be in -1, 0, other integer value greater than 0. 
             If =-1, it will output all records 
             if =0, it will not output any record
             if =Value, it will output the given number of records 
      3. For Query SQL, the name of return argument can be any string.
      4. In SQL programming perspective, there are two kinds of database whether the database supports anonymous-output argument or not.
         e.g. Oracle does not allow anonymous-output in stored procedure, because all resultsets of a stored procedure must be carried by those explicited arguments. 
         MS SQL Server and MySQL are anonymous-output supported database.
         Caution: 
           For database supporting anonymous-output, the order of each argument declaration is very important because the resultsets are retrieved according to the position of argument declaration. 
		     e.g. In MS SQL Server, if there are anonymous-output resultsets, the anonymous-output arguments must locate prior to real output arguments. 
           For database not supporting anonymous-output, the order of each argument declaration is not relevant at all. Because the resultsets are retrieved according to their argument names.
    ]]>
  </usage>
  <globalSetting exportRecordCount="200" wrapStringByCDATA="false" dbConnectionFile="dbCfg.xml">
    <dbConnection connectionName="db1"
        connectionString="Data Source=localhost\SQLEXPRESS;
          Initial Catalog=AdventureWorks;Integrated Security=True;"
        providerName="System.Data.SqlClient" />
  </globalSetting>

  <procDeclarations>
  </procDeclarations>

  
  <sqlDeclarations>
    <sqlDeclaration alias="sql_InsertCountryRegion" dbConnection="db1">
      <sql><![CDATA[insert Person.CountryRegion (CountryRegionCode,Name) values (@CountryRegionCode,@Name)]]></sql>
      <arguments>
        <argument name="@CountryRegionCode" direction="Input" type ="MSSQL_NCHAR"/>
        <argument name="@Name" direction="Input" type="MSSQL_NCHAR"/>
      </arguments>
    </sqlDeclaration>
    
    <sqlDeclaration alias="Sql_GetCountFromScalarExcel" dbConnection="Excel_scalar">
      <sql>
        <![CDATA[ Select count from [Sheet1$A1:A2]]]>
      </sql>
      <arguments>
        <argument name="RETURN_Value" direction="Return"  type="XLS_INT"  />
      </arguments>
      <remark> Get one integer value from excel</remark>
    </sqlDeclaration>

    <sqlDeclaration alias="Sql_GetCountryFromPumpExcel" dbConnection="excel_pump">
      <sql>
        <![CDATA[ Select CountryCode,Name from [Sheet1$]  ]]>
      </sql>
      <arguments>
        <argument name="RETURN_Table" direction="Return"  type="XLS_RECORDSET"  />
      </arguments>
      <remark> Get one recordset from excel</remark>
    </sqlDeclaration>
    
    
    <sqlDeclaration alias="Sql_GetCountryFromReferExcel" dbConnection="excel_refer">
      <sql>
        <![CDATA[ Select CountryCode,Name from [Sheet1$] ]]>
      </sql>
      <arguments>
        <argument name="RETURN_Table" direction="Return"  type="XLS_RECORDSET"  />
      </arguments>
      <remark> Get one recordset from excel</remark>
    </sqlDeclaration>

    <sqlDeclaration alias="sql_GetAllCountryRegion" dbConnection="db1">
      <remark>to get country region info </remark>
      <sql><![CDATA[select * from [Person].[CountryRegion]]]></sql>
      <arguments>
        <argument name="@Return_Table" direction="Return" type="MSSQL_RECORDSET"/>
      </arguments>
    </sqlDeclaration>

    <sqlDeclaration alias="sql_get_const_number" dbConnection="db1">
      <remark>to get constant number from database server</remark>
      <sql><![CDATA[select @constant]]></sql>
      <arguments>
        <argument name="@constant" direction="Input" type="MSSQL_INT"/>
        <argument name="@result" direction="Return" type="MSSQL_INT"/>
      </arguments>
    </sqlDeclaration>
  </sqlDeclarations>

 
  <unitTestCases>
    <unitTestCase testCaseName="UT_DemoPump" assertion="RecordCountIsEqual" testInSandbox="true">
      <setup>
        <dataPumpAction>
          <pumpSourceStatement statementAlias="Sql_GetCountryFromPumpExcel" outputArgument="RETURN_Table">
          </pumpSourceStatement>
          <pumpDestinationStatement statementAlias="sql_InsertCountryRegion">
            <inputArguments>
              <argument name="@CountryRegionCode" value="CountryCode" valueIsReferFieldName="true" />
              <argument name="@Name" value="Name" valueIsReferFieldName="true"/>
            </inputArguments>
          </pumpDestinationStatement>
        </dataPumpAction>
      </setup>
      <targetResultset statementAlias="sql_GetAllCountryRegion" outputArgument="@Return_Table">
      </targetResultset>
      <referenceResultset statementAlias="sql_get_const_number" outputArgument="@result">
        <inputArguments>
          <argument name="@constant" value="241"/>
        </inputArguments>
      </referenceResultset>
    </unitTestCase>

    <unitTestCase testCaseName="UT_DemoReferExternalData" assertion="IsSupersetOf" testInSandbox="true">
      <targetResultset statementAlias="sql_GetAllCountryRegion" outputArgument="@Return_Table">
        <outputSetting>
          <field name="CountryRegionCode" outputName="CountryCode" />
          <field name="Name"/>
        </outputSetting>
      </targetResultset>
      <referenceResultset statementAlias="Sql_GetCountryFromReferExcel" outputArgument="RETURN_Table">
        <outputSetting>
          <field name="CountryCode" outputName="CountryCode" />
          <field name="Name"/>
        </outputSetting>
      </referenceResultset>
    </unitTestCase>
 
 
  </unitTestCases>

</dbTestFixture>