<?xml version="1.0" encoding="utf-8"?>

<dbTestFixture
      xmlns:xsi="http://www.w3.org/2001/XMLSchema-instance"
      xsi:noNamespaceSchemaLocation="file:/C:/TestFileSchema2.xsd">
  <usage>
    <![CDATA[ 
    Function introduction:
       1. Performance test for stored procedure and sql.
       2. Unit test for stored procedure and sql. 
  
    Remark:
      1. Argument size:
         For argument is variable-length data type, such as char or varchar, if its direction is Output or Return or AnonymousOutput, size attribute is mandatory. 
         if their direction is InputOutput, size attribute is also recommended to assign.
      2. exportRecordCount must be in -1, 0, other integer value greater than 0. 
             If =-1, it will output all records 
             if =0, it will not output any record
             if =Value, it will output the given number of records 
      3. For Query SQL, the name of return argument can be any string.
      4. In SQL programming perspective, there are two kinds of database whether the database supports anonymous-output argument or not.
         e.g. Oracle does not allow anonymous-output in stored procedure, because all resultsets of a stored procedure must be carried by those explicited arguments. 
         MS SQL Server and MySQL are anonymous-output supported database.
         Caution: 
           For database supporting anonymous-output, the order of each argument declaration is very important because the resultsets are retrieved according to the position of argument declaration. 
		     e.g. In MS SQL Server, if there are anonymous-output resultsets, the anonymous-output arguments must locate prior to real output arguments. 
           For database not supporting anonymous-output, the order of each argument declaration is not relevant at all. Because the resultsets are retrieved according to their argument names.
    ]]>
  </usage>

  <globalSetting exportRecordCount="200" wrapStringByCDATA="false">
    <dbConnection connectionName="db1"
        connectionString="Database=sakila;Server=localhost;User Id=root;Password=mysql1;Ignore Prepare=True;Port=3306"
        providerName="MySql.Data.MySqlClient" />
  </globalSetting>

  <procDeclarations>
    <procDeclaration alias="film_in_stock "  name="film_in_stock " dbConnection="db1" namespace=""  >
      <arguments>
        <argument name="p_film_id " direction="Input"  type="MYSQL_INT32"  />
        <argument name="p_store_id " direction="Input"  type="MYSQL_INT32"   />
        <argument name="ReturnTable " direction="AnonymousOutput"  type="MYSQL_RECORDSET"   />
        <argument name="p_film_count " direction="Output"  type="MYSQL_INT32"   />
      </arguments>
      <remark>stored procedure "film_in_stock"</remark>
    </procDeclaration> 

  </procDeclarations>

  <sqlDeclarations>
    <sqlDeclaration alias="SQL_GET_CONST_INT" dbConnection="db1">
      <sql>
        <![CDATA[ select  @x ;   ]]>
      </sql>
      <arguments>
        <argument name="@x" direction="Input"  type="ORA_INT"  />
        <argument name="ResultValue" direction="Return"  type="MYSQL_INT32"  />
      </arguments>
      <remark> Get constant integer value from db</remark>
    </sqlDeclaration>
  </sqlDeclarations>

  
  <perfTestCases>
    <perfTestCase testCaseName="pt_film_in_stock" statementAlias="film_in_stock" testInSandbox="false">
      <testCaseRemark></testCaseRemark>
      <inputArguments>
        <argument name="p_film_id" value="1" />
        <argument name="p_store_id" value="1" />
      </inputArguments>
    </perfTestCase>


  </perfTestCases>


  <unitTestCases>



  </unitTestCases>


</dbTestFixture>




